iteration,energy,delta_E,basis_size,increment_term,inequality_residual
0,0.006614556207206625,0.0,8,0.0,0.0
1,0.006609190917499796,-5.36528970682907e-06,8,2.1652042494529073e-06,-3.200085457376496e-06
2,0.006606734284027621,-2.4566334721745284e-06,8,9.914970881993147e-07,-1.465136383975267e-06
3,0.006605609056050009,-1.1252279776118729e-06,8,4.5418862541773553e-07,-6.710393521940777e-07
4,0.00660509347999476,-5.155760552490521e-07,8,2.0812905772622767e-07,-3.074469975229352e-07
5,0.006604857161913225,-2.3631808153574962e-07,8,9.540710223983964e-08,-1.4091097929550683e-07
6,0.006604748805798876,-1.0835611434847903e-07,8,4.375023387720848e-08,-6.460588047093457e-08
7,0.006604699105156867,-4.9700642009049834e-08,8,2.0069240725706995e-08,-2.96314012831686e-08
8,0.006604676300508388,-2.2804648479486656e-08,8,9.209442583646423e-09,-1.3595205895951257e-08
