i,scale,translation,center,lower,upper,norm,wavelet_norm,scaling_norm
0,1,"(0, 0)","(0.25, 0.25)","(0.0, 0.0)","(0.5, 0.5)",0.1249999999999989,9.266130444933088e-31,0.015624999999999726
1,3,"(0, 4)","(0.0625, 0.5625)","(0.0, 0.5)","(0.125, 0.625)",0.018749999999999836,2.1351755795468834e-32,0.00035156249999999386
2,3,"(1, 4)","(0.1875, 0.5625)","(0.125, 0.5)","(0.25, 0.625)",0.018749999999999836,2.1351755795468834e-32,0.00035156249999999386
3,5,"(4, 20)","(0.140625, 0.640625)","(0.125, 0.625)","(0.15625, 0.65625)",0.004687499999999959,1.3344847372168021e-33,2.1972656249999616e-05
4,6,"(8, 42)","(0.1328125, 0.6640625)","(0.125, 0.65625)","(0.140625, 0.671875)",0.0023437499999999795,3.3362118430420053e-34,5.493164062499904e-06
5,6,"(8, 43)","(0.1328125, 0.6796875)","(0.125, 0.671875)","(0.140625, 0.6875)",0.0023437499999999795,3.3362118430420053e-34,5.493164062499904e-06
6,7,"(18, 86)","(0.14453125, 0.67578125)","(0.140625, 0.671875)","(0.1484375, 0.6796875)",0.0011718749999999898,8.340529607605013e-35,1.373291015624976e-06
7,7,"(18, 87)","(0.14453125, 0.68359375)","(0.140625, 0.6796875)","(0.1484375, 0.6875)",0.0013538146926083212,6.142299015012907e-08,1.7713912317720345e-06
8,7,"(19, 87)","(0.15234375, 0.68359375)","(0.1484375, 0.6796875)","(0.15625, 0.6875)",0.006212007240915249,5.671916468163855e-07,3.80218423143671e-05
9,7,"(19, 86)","(0.15234375, 0.67578125)","(0.1484375, 0.671875)","(0.15625, 0.6796875)",0.002733059647587248,4.170598964568896e-07,7.052555140812842e-06
10,6,"(9, 42)","(0.1484375, 0.6640625)","(0.140625, 0.65625)","(0.15625, 0.671875)",0.0023437499999999795,3.3362118430420053e-34,5.493164062499904e-06
11,7,"(20, 84)","(0.16015625, 0.66015625)","(0.15625, 0.65625)","(0.1640625, 0.6640625)",0.0011718749999999898,8.340529607605013e-35,1.373291015624976e-06
12,7,"(21, 84)","(0.16796875, 0.66015625)","(0.1640625, 0.65625)","(0.171875, 0.6640625)",0.0036367402882748158,5.888534694698441e-07,1.2637026454891347e-05
13,7,"(21, 85)","(0.16796875, 0.66796875)","(0.1640625, 0.6640625)","(0.171875, 0.671875)",0.006862370203734623,2.066233795208216e-07,4.688550143358396e-05
14,7,"(20, 85)","(0.16015625, 0.66796875)","(0.15625, 0.6640625)","(0.1640625, 0.671875)",0.003636740288274816,5.888534694698441e-07,1.263702645489135e-05
15,7,"(20, 86)","(0.16015625, 0.67578125)","(0.15625, 0.671875)","(0.1640625, 0.6796875)",0.006827186895663643,2.1697128462528514e-07,4.639350962369609e-05
16,7,"(20, 87)","(0.16015625, 0.68359375)","(0.15625, 0.6796875)","(0.1640625, 0.6875)",0.007031249999999941,2.9809434710899312e-33,4.943847656249917e-05
17,7,"(21, 87)","(0.16796875, 0.68359375)","(0.1640625, 0.6796875)","(0.171875, 0.6875)",0.007031249999999941,2.9809434710899312e-33,4.943847656249917e-05
18,7,"(21, 86)","(0.16796875, 0.67578125)","(0.1640625, 0.671875)","(0.171875, 0.6796875)",0.007031249999999941,2.9809434710899312e-33,4.943847656249917e-05
19,6,"(11, 43)","(0.1796875, 0.6796875)","(0.171875, 0.671875)","(0.1875, 0.6875)",0.014062499999999882,1.1923773884359725e-32,0.00019775390624999668
20,7,"(23, 85)","(0.18359375, 0.66796875)","(0.1796875, 0.6640625)","(0.1875, 0.671875)",0.007031249999999941,2.9809434710899312e-33,4.943847656249917e-05
21,7,"(22, 85)","(0.17578125, 0.66796875)","(0.171875, 0.6640625)","(0.1796875, 0.671875)",0.007031249999999941,2.9809434710899312e-33,4.943847656249917e-05
22,7,"(22, 84)","(0.17578125, 0.66015625)","(0.171875, 0.65625)","(0.1796875, 0.6640625)",0.006827186895663643,2.1697128462528514e-07,4.639350962369609e-05
23,7,"(23, 84)","(0.18359375, 0.66015625)","(0.1796875, 0.65625)","(0.1875, 0.6640625)",0.007031249999999941,2.9809434710899312e-33,4.943847656249917e-05
24,7,"(23, 83)","(0.18359375, 0.65234375)","(0.1796875, 0.6484375)","(0.1875, 0.65625)",0.006212007240915249,5.671916468163853e-07,3.80218423143671e-05
25,7,"(23, 82)","(0.18359375, 0.64453125)","(0.1796875, 0.640625)","(0.1875, 0.6484375)",0.0013538146926083212,6.142299015012907e-08,1.7713912317720345e-06
26,7,"(22, 82)","(0.17578125, 0.64453125)","(0.171875, 0.640625)","(0.1796875, 0.6484375)",0.0011718749999999898,8.340529607605013e-35,1.373291015624976e-06
27,7,"(22, 83)","(0.17578125, 0.65234375)","(0.171875, 0.6484375)","(0.1796875, 0.65625)",0.002733059647587248,4.170598964568896e-07,7.052555140812842e-06
28,6,"(10, 41)","(0.1640625, 0.6484375)","(0.15625, 0.640625)","(0.171875, 0.65625)",0.0023437499999999795,3.3362118430420053e-34,5.493164062499904e-06
29,6,"(10, 40)","(0.1640625, 0.6328125)","(0.15625, 0.625)","(0.171875, 0.640625)",0.0023437499999999795,3.3362118430420053e-34,5.493164062499904e-06
30,6,"(11, 40)","(0.1796875, 0.6328125)","(0.171875, 0.625)","(0.1875, 0.640625)",0.0023437499999999795,3.3362118430420053e-34,5.493164062499904e-06
31,7,"(24, 80)","(0.19140625, 0.62890625)","(0.1875, 0.625)","(0.1953125, 0.6328125)",0.0011718749999999898,8.340529607605013e-35,1.373291015624976e-06
32,7,"(25, 80)","(0.19921875, 0.62890625)","(0.1953125, 0.625)","(0.203125, 0.6328125)",0.0011718749999999898,8.340529607605013e-35,1.373291015624976e-06
33,7,"(25, 81)","(0.19921875, 0.63671875)","(0.1953125, 0.6328125)","(0.203125, 0.640625)",0.001569908644262782,1.2880038189925197e-07,2.3358127694317545e-06
34,7,"(24, 81)","(0.19140625, 0.63671875)","(0.1875, 0.6328125)","(0.1953125, 0.640625)",0.0011718749999999898,8.340529607605013e-35,1.373291015624976e-06
35,7,"(24, 82)","(0.19140625, 0.64453125)","(0.1875, 0.640625)","(0.1953125, 0.6484375)",0.004475436797130716,7.917278936695286e-07,1.923780663144211e-05
36,7,"(24, 83)","(0.19140625, 0.65234375)","(0.1875, 0.6484375)","(0.1953125, 0.65625)",0.007031249999999941,2.9809434710899312e-33,4.943847656249917e-05
37,7,"(25, 83)","(0.19921875, 0.65234375)","(0.1953125, 0.6484375)","(0.203125, 0.65625)",0.007031249999999941,2.9809434710899312e-33,4.943847656249917e-05
38,7,"(25, 82)","(0.19921875, 0.64453125)","(0.1953125, 0.640625)","(0.203125, 0.6484375)",0.006657424804666,4.0959556203720297e-07,4.3911709467744915e-05
39,6,"(13, 41)","(0.2109375, 0.6484375)","(0.203125, 0.640625)","(0.21875, 0.65625)",0.014062499999999882,1.1923773884359725e-32,0.00019775390624999668
40,7,"(27, 81)","(0.21484375, 0.63671875)","(0.2109375, 0.6328125)","(0.21875, 0.640625)",0.005854490174344709,7.512103162938349e-07,3.3523844885204913e-05
41,7,"(26, 81)","(0.20703125, 0.63671875)","(0.203125, 0.6328125)","(0.2109375, 0.640625)",0.004139995129779007,7.909602326194572e-07,1.6348599441974438e-05
42,7,"(26, 80)","(0.20703125, 0.62890625)","(0.203125, 0.625)","(0.2109375, 0.6328125)",0.0011718749999999898,8.340529607605013e-35,1.373291015624976e-06
43,7,"(27, 80)","(0.21484375, 0.62890625)","(0.2109375, 0.625)","(0.21875, 0.6328125)",0.0011718749999999898,8.340529607605013e-35,1.373291015624976e-06
44,7,"(28, 80)","(0.22265625, 0.62890625)","(0.21875, 0.625)","(0.2265625, 0.6328125)",0.0013740314717312744,7.130643922022128e-08,1.8166560460877906e-06
45,7,"(28, 81)","(0.22265625, 0.63671875)","(0.21875, 0.6328125)","(0.2265625, 0.640625)",0.006822347526953028,3.1511594545589546e-07,4.62293098330662e-05
46,7,"(29, 81)","(0.23046875, 0.63671875)","(0.2265625, 0.6328125)","(0.234375, 0.640625)",0.007031249999999941,2.9809434710899312e-33,4.943847656249917e-05
47,7,"(29, 80)","(0.23046875, 0.62890625)","(0.2265625, 0.625)","(0.234375, 0.6328125)",0.0029318922806516423,5.28320012240444e-07,8.067672333104244e-06
48,7,"(30, 80)","(0.23828125, 0.62890625)","(0.234375, 0.625)","(0.2421875, 0.6328125)",0.0038464575303347355,6.140434797840138e-07,1.418119205288478e-05
49,7,"(31, 80)","(0.24609375, 0.62890625)","(0.2421875, 0.625)","(0.25, 0.6328125)",0.004360295852765571,8.351497076010572e-07,1.8177030216043584e-05
50,7,"(31, 81)","(0.24609375, 0.63671875)","(0.2421875, 0.6328125)","(0.25, 0.640625)",0.007031249999999941,2.9809434710899312e-33,4.943847656249917e-05
51,7,"(30, 81)","(0.23828125, 0.63671875)","(0.234375, 0.6328125)","(0.2421875, 0.640625)",0.007031249999999941,2.9809434710899312e-33,4.943847656249917e-05
52,6,"(15, 41)","(0.2421875, 0.6484375)","(0.234375, 0.640625)","(0.25, 0.65625)",0.014062499999999882,1.1923773884359725e-32,0.00019775390624999668
53,6,"(14, 41)","(0.2265625, 0.6484375)","(0.21875, 0.640625)","(0.234375, 0.65625)",0.014062499999999882,1.1923773884359725e-32,0.00019775390624999668
54,5,"(7, 21)","(0.234375, 0.671875)","(0.21875, 0.65625)","(0.25, 0.6875)",0.028124999999999765,4.76950955374389e-32,0.0007910156249999867
55,5,"(6, 21)","(0.203125, 0.671875)","(0.1875, 0.65625)","(0.21875, 0.6875)",0.028124999999999765,4.76950955374389e-32,0.0007910156249999867
56,4,"(3, 11)","(0.21875, 0.71875)","(0.1875, 0.6875)","(0.25, 0.75)",0.05624999999999953,1.907803821497556e-31,0.003164062499999947
57,5,"(5, 23)","(0.171875, 0.734375)","(0.15625, 0.71875)","(0.1875, 0.75)",0.028124999999999765,4.76950955374389e-32,0.0007910156249999867
58,5,"(5, 22)","(0.171875, 0.703125)","(0.15625, 0.6875)","(0.1875, 0.71875)",0.028124999999999765,4.76950955374389e-32,0.0007910156249999867
59,6,"(9, 45)","(0.1484375, 0.7109375)","(0.140625, 0.703125)","(0.15625, 0.71875)",0.014062499999999882,1.1923773884359725e-32,0.00019775390624999668
60,7,"(19, 89)","(0.15234375, 0.69921875)","(0.1484375, 0.6953125)","(0.15625, 0.703125)",0.007031249999999941,2.9809434710899312e-33,4.943847656249917e-05
61,7,"(19, 88)","(0.15234375, 0.69140625)","(0.1484375, 0.6875)","(0.15625, 0.6953125)",0.007031249999999941,2.9809434710899312e-33,4.943847656249917e-05
62,7,"(18, 88)","(0.14453125, 0.69140625)","(0.140625, 0.6875)","(0.1484375, 0.6953125)",0.004475436797130716,7.917278936695286e-07,1.923780663144211e-05
63,7,"(18, 89)","(0.14453125, 0.69921875)","(0.140625, 0.6953125)","(0.1484375, 0.703125)",0.006657424804666,4.09595562037203e-07,4.3911709467744915e-05
64,7,"(17, 89)","(0.13671875, 0.69921875)","(0.1328125, 0.6953125)","(0.140625, 0.703125)",0.001569908644262782,1.2880038189925197e-07,2.3358127694317545e-06
65,7,"(17, 88)","(0.13671875, 0.69140625)","(0.1328125, 0.6875)","(0.140625, 0.6953125)",0.0011718749999999898,8.340529607605013e-35,1.373291015624976e-06
66,7,"(16, 88)","(0.12890625, 0.69140625)","(0.125, 0.6875)","(0.1328125, 0.6953125)",0.0011718749999999898,8.340529607605013e-35,1.373291015624976e-06
67,7,"(16, 89)","(0.12890625, 0.69921875)","(0.125, 0.6953125)","(0.1328125, 0.703125)",0.0011718749999999898,8.340529607605013e-35,1.373291015624976e-06
68,7,"(16, 90)","(0.12890625, 0.70703125)","(0.125, 0.703125)","(0.1328125, 0.7109375)",0.0011718749999999898,8.340529607605013e-35,1.373291015624976e-06
69,7,"(17, 90)","(0.13671875, 0.70703125)","(0.1328125, 0.703125)","(0.140625, 0.7109375)",0.004139995129779005,7.909602326194575e-07,1.6348599441974425e-05
70,7,"(17, 91)","(0.13671875, 0.71484375)","(0.1328125, 0.7109375)","(0.140625, 0.71875)",0.005854490174344709,7.51210316293835e-07,3.3523844885204913e-05
71,7,"(16, 91)","(0.12890625, 0.71484375)","(0.125, 0.7109375)","(0.1328125, 0.71875)",0.0011718749999999898,8.340529607605013e-35,1.373291015624976e-06
72,7,"(16, 92)","(0.12890625, 0.72265625)","(0.125, 0.71875)","(0.1328125, 0.7265625)",0.0013740314717312747,7.13064392202213e-08,1.8166560460877913e-06
73,7,"(16, 93)","(0.12890625, 0.73046875)","(0.125, 0.7265625)","(0.1328125, 0.734375)",0.0029318922806516423,5.283200122404439e-07,8.067672333104244e-06
74,7,"(17, 93)","(0.13671875, 0.73046875)","(0.1328125, 0.7265625)","(0.140625, 0.734375)",0.007031249999999941,2.9809434710899312e-33,4.943847656249917e-05
75,7,"(17, 92)","(0.13671875, 0.72265625)","(0.1328125, 0.71875)","(0.140625, 0.7265625)",0.006822347526953028,3.151159454558956e-07,4.62293098330662e-05
76,6,"(9, 46)","(0.1484375, 0.7265625)","(0.140625, 0.71875)","(0.15625, 0.734375)",0.014062499999999882,1.1923773884359725e-32,0.00019775390624999668
77,6,"(9, 47)","(0.1484375, 0.7421875)","(0.140625, 0.734375)","(0.15625, 0.75)",0.014062499999999882,1.1923773884359725e-32,0.00019775390624999668
78,7,"(17, 95)","(0.13671875, 0.74609375)","(0.1328125, 0.7421875)","(0.140625, 0.75)",0.007031249999999941,2.9809434710899312e-33,4.943847656249917e-05
79,7,"(17, 94)","(0.13671875, 0.73828125)","(0.1328125, 0.734375)","(0.140625, 0.7421875)",0.007031249999999941,2.9809434710899312e-33,4.943847656249917e-05
80,7,"(16, 94)","(0.12890625, 0.73828125)","(0.125, 0.734375)","(0.1328125, 0.7421875)",0.0038464575303347355,6.140434797840137e-07,1.418119205288478e-05
81,7,"(16, 95)","(0.12890625, 0.74609375)","(0.125, 0.7421875)","(0.1328125, 0.75)",0.004360295852765571,8.35149707601057e-07,1.8177030216043577e-05
82,3,"(0, 5)","(0.0625, 0.6875)","(0.0, 0.625)","(0.125, 0.75)",0.018749999999999836,2.1351755795468834e-32,0.00035156249999999386
83,3,"(0, 6)","(0.0625, 0.8125)","(0.0, 0.75)","(0.125, 0.875)",0.018749999999999836,2.1351755795468834e-32,0.00035156249999999386
84,3,"(0, 7)","(0.0625, 0.9375)","(0.0, 0.875)","(0.125, 1.0)",0.018749999999999836,2.1351755795468834e-32,0.00035156249999999386
85,3,"(1, 7)","(0.1875, 0.9375)","(0.125, 0.875)","(0.25, 1.0)",0.018749999999999836,2.1351755795468834e-32,0.00035156249999999386
86,7,"(31, 111)","(0.24609375, 0.87109375)","(0.2421875, 0.8671875)","(0.25, 0.875)",0.004360295852765571,8.351497076010572e-07,1.8177030216043584e-05
87,7,"(31, 110)","(0.24609375, 0.86328125)","(0.2421875, 0.859375)","(0.25, 0.8671875)",0.007031249999999941,2.9809434710899312e-33,4.943847656249917e-05
88,7,"(30, 110)","(0.23828125, 0.86328125)","(0.234375, 0.859375)","(0.2421875, 0.8671875)",0.007031249999999941,2.9809434710899312e-33,4.943847656249917e-05
89,7,"(30, 111)","(0.23828125, 0.87109375)","(0.234375, 0.8671875)","(0.2421875, 0.875)",0.003846457530334736,6.140434797840138e-07,1.4181192052884784e-05
90,7,"(29, 111)","(0.23046875, 0.87109375)","(0.2265625, 0.8671875)","(0.234375, 0.875)",0.0029318922806516427,5.28320012240444e-07,8.067672333104247e-06
91,7,"(28, 111)","(0.22265625, 0.87109375)","(0.21875, 0.8671875)","(0.2265625, 0.875)",0.0013740314717312744,7.130643922022128e-08,1.8166560460877906e-06
92,7,"(28, 110)","(0.22265625, 0.86328125)","(0.21875, 0.859375)","(0.2265625, 0.8671875)",0.006822347526953028,3.1511594545589557e-07,4.62293098330662e-05
93,7,"(29, 110)","(0.23046875, 0.86328125)","(0.2265625, 0.859375)","(0.234375, 0.8671875)",0.007031249999999941,2.9809434710899312e-33,4.943847656249917e-05
94,6,"(14, 54)","(0.2265625, 0.8515625)","(0.21875, 0.84375)","(0.234375, 0.859375)",0.014062499999999882,1.1923773884359725e-32,0.00019775390624999668
95,6,"(15, 54)","(0.2421875, 0.8515625)","(0.234375, 0.84375)","(0.25, 0.859375)",0.014062499999999882,1.1923773884359725e-32,0.00019775390624999668
96,5,"(7, 26)","(0.234375, 0.828125)","(0.21875, 0.8125)","(0.25, 0.84375)",0.028124999999999765,4.76950955374389e-32,0.0007910156249999867
97,5,"(6, 26)","(0.203125, 0.828125)","(0.1875, 0.8125)","(0.21875, 0.84375)",0.028124999999999765,4.76950955374389e-32,0.0007910156249999867
98,7,"(24, 108)","(0.19140625, 0.84765625)","(0.1875, 0.84375)","(0.1953125, 0.8515625)",0.007031249999999941,2.9809434710899312e-33,4.943847656249917e-05
99,7,"(24, 109)","(0.19140625, 0.85546875)","(0.1875, 0.8515625)","(0.1953125, 0.859375)",0.004475436797130716,7.917278936695288e-07,1.923780663144211e-05
100,7,"(25, 109)","(0.19921875, 0.85546875)","(0.1953125, 0.8515625)","(0.203125, 0.859375)",0.006657424804666,4.0959556203720297e-07,4.3911709467744915e-05
101,7,"(25, 108)","(0.19921875, 0.84765625)","(0.1953125, 0.84375)","(0.203125, 0.8515625)",0.007031249999999941,2.9809434710899312e-33,4.943847656249917e-05
102,6,"(13, 54)","(0.2109375, 0.8515625)","(0.203125, 0.84375)","(0.21875, 0.859375)",0.014062499999999882,1.1923773884359725e-32,0.00019775390624999668
103,7,"(26, 110)","(0.20703125, 0.86328125)","(0.203125, 0.859375)","(0.2109375, 0.8671875)",0.004139995129779005,7.909602326194572e-07,1.6348599441974425e-05
104,7,"(27, 110)","(0.21484375, 0.86328125)","(0.2109375, 0.859375)","(0.21875, 0.8671875)",0.005854490174344709,7.51210316293835e-07,3.3523844885204913e-05
105,7,"(27, 111)","(0.21484375, 0.87109375)","(0.2109375, 0.8671875)","(0.21875, 0.875)",0.0011718749999999898,8.340529607605013e-35,1.373291015624976e-06
106,7,"(26, 111)","(0.20703125, 0.87109375)","(0.203125, 0.8671875)","(0.2109375, 0.875)",0.0011718749999999898,8.340529607605013e-35,1.373291015624976e-06
107,7,"(25, 111)","(0.19921875, 0.87109375)","(0.1953125, 0.8671875)","(0.203125, 0.875)",0.0011718749999999898,8.340529607605013e-35,1.373291015624976e-06
108,7,"(25, 110)","(0.19921875, 0.86328125)","(0.1953125, 0.859375)","(0.203125, 0.8671875)",0.0015699086442627823,1.2880038189925194e-07,2.3358127694317553e-06
109,7,"(24, 110)","(0.19140625, 0.86328125)","(0.1875, 0.859375)","(0.1953125, 0.8671875)",0.0011718749999999898,8.340529607605013e-35,1.373291015624976e-06
110,7,"(24, 111)","(0.19140625, 0.87109375)","(0.1875, 0.8671875)","(0.1953125, 0.875)",0.0011718749999999898,8.340529607605013e-35,1.373291015624976e-06
111,6,"(11, 55)","(0.1796875, 0.8671875)","(0.171875, 0.859375)","(0.1875, 0.875)",0.0023437499999999795,3.3362118430420053e-34,5.493164062499904e-06
112,7,"(23, 109)","(0.18359375, 0.85546875)","(0.1796875, 0.8515625)","(0.1875, 0.859375)",0.0013538146926083212,6.142299015012907e-08,1.7713912317720345e-06
113,7,"(23, 108)","(0.18359375, 0.84765625)","(0.1796875, 0.84375)","(0.1875, 0.8515625)",0.006212007240915248,5.671916468163853e-07,3.802184231436709e-05
114,7,"(22, 108)","(0.17578125, 0.84765625)","(0.171875, 0.84375)","(0.1796875, 0.8515625)",0.002733059647587248,4.170598964568895e-07,7.052555140812842e-06
115,7,"(22, 109)","(0.17578125, 0.85546875)","(0.171875, 0.8515625)","(0.1796875, 0.859375)",0.0011718749999999898,8.340529607605013e-35,1.373291015624976e-06
116,6,"(10, 54)","(0.1640625, 0.8515625)","(0.15625, 0.84375)","(0.171875, 0.859375)",0.0023437499999999795,3.3362118430420053e-34,5.493164062499904e-06
117,6,"(10, 55)","(0.1640625, 0.8671875)","(0.15625, 0.859375)","(0.171875, 0.875)",0.0023437499999999795,3.3362118430420053e-34,5.493164062499904e-06
118,5,"(4, 27)","(0.140625, 0.859375)","(0.125, 0.84375)","(0.15625, 0.875)",0.004687499999999959,1.3344847372168021e-33,2.1972656249999616e-05
119,6,"(9, 53)","(0.1484375, 0.8359375)","(0.140625, 0.828125)","(0.15625, 0.84375)",0.0023437499999999795,3.3362118430420053e-34,5.493164062499904e-06
120,6,"(8, 53)","(0.1328125, 0.8359375)","(0.125, 0.828125)","(0.140625, 0.84375)",0.0023437499999999795,3.3362118430420053e-34,5.493164062499904e-06
121,6,"(8, 52)","(0.1328125, 0.8203125)","(0.125, 0.8125)","(0.140625, 0.828125)",0.0023437499999999795,3.3362118430420053e-34,5.493164062499904e-06
122,7,"(18, 104)","(0.14453125, 0.81640625)","(0.140625, 0.8125)","(0.1484375, 0.8203125)",0.0013538146926083212,6.142299015012907e-08,1.7713912317720345e-06
123,7,"(18, 105)","(0.14453125, 0.82421875)","(0.140625, 0.8203125)","(0.1484375, 0.828125)",0.0011718749999999898,8.340529607605013e-35,1.373291015624976e-06
124,7,"(19, 105)","(0.15234375, 0.82421875)","(0.1484375, 0.8203125)","(0.15625, 0.828125)",0.002733059647587248,4.170598964568896e-07,7.052555140812844e-06
125,7,"(19, 104)","(0.15234375, 0.81640625)","(0.1484375, 0.8125)","(0.15625, 0.8203125)",0.006212007240915248,5.671916468163854e-07,3.802184231436709e-05
126,7,"(20, 104)","(0.16015625, 0.81640625)","(0.15625, 0.8125)","(0.1640625, 0.8203125)",0.007031249999999941,2.9809434710899312e-33,4.943847656249917e-05
127,7,"(21, 104)","(0.16796875, 0.81640625)","(0.1640625, 0.8125)","(0.171875, 0.8203125)",0.007031249999999941,2.9809434710899312e-33,4.943847656249917e-05
128,7,"(21, 105)","(0.16796875, 0.82421875)","(0.1640625, 0.8203125)","(0.171875, 0.828125)",0.007031249999999941,2.9809434710899312e-33,4.943847656249917e-05
129,7,"(20, 105)","(0.16015625, 0.82421875)","(0.15625, 0.8203125)","(0.1640625, 0.828125)",0.006827186895663643,2.1697128462528522e-07,4.639350962369609e-05
130,7,"(20, 106)","(0.16015625, 0.83203125)","(0.15625, 0.828125)","(0.1640625, 0.8359375)",0.003636740288274817,5.888534694698441e-07,1.2637026454891354e-05
131,7,"(20, 107)","(0.16015625, 0.83984375)","(0.15625, 0.8359375)","(0.1640625, 0.84375)",0.0011718749999999898,8.340529607605013e-35,1.373291015624976e-06
132,7,"(21, 107)","(0.16796875, 0.83984375)","(0.1640625, 0.8359375)","(0.171875, 0.84375)",0.003636740288274816,5.888534694698441e-07,1.263702645489135e-05
133,7,"(21, 106)","(0.16796875, 0.83203125)","(0.1640625, 0.828125)","(0.171875, 0.8359375)",0.006862370203734622,2.0662337952082162e-07,4.6885501433583934e-05
134,7,"(22, 106)","(0.17578125, 0.83203125)","(0.171875, 0.828125)","(0.1796875, 0.8359375)",0.007031249999999941,2.9809434710899312e-33,4.943847656249917e-05
135,7,"(22, 107)","(0.17578125, 0.83984375)","(0.171875, 0.8359375)","(0.1796875, 0.84375)",0.006827186895663643,2.1697128462528522e-07,4.639350962369609e-05
136,7,"(23, 107)","(0.18359375, 0.83984375)","(0.1796875, 0.8359375)","(0.1875, 0.84375)",0.007031249999999941,2.9809434710899312e-33,4.943847656249917e-05
137,7,"(23, 106)","(0.18359375, 0.83203125)","(0.1796875, 0.828125)","(0.1875, 0.8359375)",0.007031249999999941,2.9809434710899312e-33,4.943847656249917e-05
138,6,"(11, 52)","(0.1796875, 0.8203125)","(0.171875, 0.8125)","(0.1875, 0.828125)",0.014062499999999882,1.1923773884359725e-32,0.00019775390624999668
139,5,"(5, 25)","(0.171875, 0.796875)","(0.15625, 0.78125)","(0.1875, 0.8125)",0.028124999999999765,4.76950955374389e-32,0.0007910156249999867
140,7,"(19, 103)","(0.15234375, 0.80859375)","(0.1484375, 0.8046875)","(0.15625, 0.8125)",0.007031249999999941,2.9809434710899312e-33,4.943847656249917e-05
141,7,"(19, 102)","(0.15234375, 0.80078125)","(0.1484375, 0.796875)","(0.15625, 0.8046875)",0.007031249999999941,2.9809434710899312e-33,4.943847656249917e-05
142,7,"(18, 102)","(0.14453125, 0.80078125)","(0.140625, 0.796875)","(0.1484375, 0.8046875)",0.006657424804666,4.0959556203720307e-07,4.3911709467744915e-05
143,7,"(18, 103)","(0.14453125, 0.80859375)","(0.140625, 0.8046875)","(0.1484375, 0.8125)",0.004475436797130716,7.917278936695286e-07,1.923780663144211e-05
144,7,"(17, 103)","(0.13671875, 0.80859375)","(0.1328125, 0.8046875)","(0.140625, 0.8125)",0.0011718749999999898,8.340529607605013e-35,1.373291015624976e-06
145,7,"(16, 103)","(0.12890625, 0.80859375)","(0.125, 0.8046875)","(0.1328125, 0.8125)",0.0011718749999999898,8.340529607605013e-35,1.373291015624976e-06
146,7,"(16, 102)","(0.12890625, 0.80078125)","(0.125, 0.796875)","(0.1328125, 0.8046875)",0.0011718749999999898,8.340529607605013e-35,1.373291015624976e-06
147,7,"(17, 102)","(0.13671875, 0.80078125)","(0.1328125, 0.796875)","(0.140625, 0.8046875)",0.001569908644262782,1.2880038189925197e-07,2.335812769431754e-06
148,7,"(17, 101)","(0.13671875, 0.79296875)","(0.1328125, 0.7890625)","(0.140625, 0.796875)",0.004139995129779006,7.909602326194573e-07,1.634859944197443e-05
149,7,"(16, 101)","(0.12890625, 0.79296875)","(0.125, 0.7890625)","(0.1328125, 0.796875)",0.0011718749999999898,8.340529607605013e-35,1.373291015624976e-06
150,7,"(16, 100)","(0.12890625, 0.78515625)","(0.125, 0.78125)","(0.1328125, 0.7890625)",0.0011718749999999898,8.340529607605013e-35,1.373291015624976e-06
151,7,"(17, 100)","(0.13671875, 0.78515625)","(0.1328125, 0.78125)","(0.140625, 0.7890625)",0.005854490174344709,7.51210316293835e-07,3.3523844885204913e-05
152,6,"(9, 50)","(0.1484375, 0.7890625)","(0.140625, 0.78125)","(0.15625, 0.796875)",0.014062499999999882,1.1923773884359725e-32,0.00019775390624999668
153,6,"(9, 49)","(0.1484375, 0.7734375)","(0.140625, 0.765625)","(0.15625, 0.78125)",0.014062499999999882,1.1923773884359725e-32,0.00019775390624999668
154,7,"(17, 99)","(0.13671875, 0.77734375)","(0.1328125, 0.7734375)","(0.140625, 0.78125)",0.006822347526953028,3.151159454558957e-07,4.62293098330662e-05
155,7,"(16, 99)","(0.12890625, 0.77734375)","(0.125, 0.7734375)","(0.1328125, 0.78125)",0.0013740314717312744,7.130643922022131e-08,1.8166560460877906e-06
156,7,"(16, 98)","(0.12890625, 0.76953125)","(0.125, 0.765625)","(0.1328125, 0.7734375)",0.0029318922806516423,5.28320012240444e-07,8.067672333104244e-06
157,7,"(17, 98)","(0.13671875, 0.76953125)","(0.1328125, 0.765625)","(0.140625, 0.7734375)",0.007031249999999941,2.9809434710899312e-33,4.943847656249917e-05
158,7,"(17, 97)","(0.13671875, 0.76171875)","(0.1328125, 0.7578125)","(0.140625, 0.765625)",0.007031249999999941,2.9809434710899312e-33,4.943847656249917e-05
159,7,"(16, 97)","(0.12890625, 0.76171875)","(0.125, 0.7578125)","(0.1328125, 0.765625)",0.003846457530334735,6.140434797840137e-07,1.4181192052884777e-05
160,7,"(16, 96)","(0.12890625, 0.75390625)","(0.125, 0.75)","(0.1328125, 0.7578125)",0.004360295852765571,8.35149707601057e-07,1.8177030216043577e-05
161,7,"(17, 96)","(0.13671875, 0.75390625)","(0.1328125, 0.75)","(0.140625, 0.7578125)",0.007031249999999941,2.9809434710899312e-33,4.943847656249917e-05
162,6,"(9, 48)","(0.1484375, 0.7578125)","(0.140625, 0.75)","(0.15625, 0.765625)",0.014062499999999882,1.1923773884359725e-32,0.00019775390624999668
163,5,"(5, 24)","(0.171875, 0.765625)","(0.15625, 0.75)","(0.1875, 0.78125)",0.028124999999999765,4.76950955374389e-32,0.0007910156249999867
164,4,"(3, 12)","(0.21875, 0.78125)","(0.1875, 0.75)","(0.25, 0.8125)",0.05624999999999953,1.907803821497556e-31,0.003164062499999947
165,4,"(4, 12)","(0.28125, 0.78125)","(0.25, 0.75)","(0.3125, 0.8125)",0.05624999999999953,1.907803821497556e-31,0.003164062499999947
166,5,"(10, 24)","(0.328125, 0.765625)","(0.3125, 0.75)","(0.34375, 0.78125)",0.028124999999999765,4.76950955374389e-32,0.0007910156249999867
167,6,"(22, 48)","(0.3515625, 0.7578125)","(0.34375, 0.75)","(0.359375, 0.765625)",0.014062499999999882,1.1923773884359725e-32,0.00019775390624999668
168,7,"(46, 96)","(0.36328125, 0.75390625)","(0.359375, 0.75)","(0.3671875, 0.7578125)",0.007031249999999941,2.9809434710899312e-33,4.943847656249917e-05
169,7,"(47, 96)","(0.37109375, 0.75390625)","(0.3671875, 0.75)","(0.375, 0.7578125)",0.004360295852765571,8.35149707601057e-07,1.8177030216043577e-05
170,7,"(47, 97)","(0.37109375, 0.76171875)","(0.3671875, 0.7578125)","(0.375, 0.765625)",0.0038464575303347355,6.140434797840135e-07,1.418119205288478e-05
171,7,"(46, 97)","(0.36328125, 0.76171875)","(0.359375, 0.7578125)","(0.3671875, 0.765625)",0.007031249999999941,2.9809434710899312e-33,4.943847656249917e-05
172,7,"(46, 98)","(0.36328125, 0.76953125)","(0.359375, 0.765625)","(0.3671875, 0.7734375)",0.007031249999999941,2.9809434710899312e-33,4.943847656249917e-05
173,7,"(47, 98)","(0.37109375, 0.76953125)","(0.3671875, 0.765625)","(0.375, 0.7734375)",0.0029318922806516423,5.28320012240444e-07,8.067672333104244e-06
174,7,"(47, 99)","(0.37109375, 0.77734375)","(0.3671875, 0.7734375)","(0.375, 0.78125)",0.0013740314717312744,7.130643922022131e-08,1.8166560460877906e-06
175,7,"(46, 99)","(0.36328125, 0.77734375)","(0.359375, 0.7734375)","(0.3671875, 0.78125)",0.0068223475269530275,3.1511594545589567e-07,4.6229309833066186e-05
176,6,"(22, 49)","(0.3515625, 0.7734375)","(0.34375, 0.765625)","(0.359375, 0.78125)",0.014062499999999882,1.1923773884359725e-32,0.00019775390624999668
177,6,"(22, 50)","(0.3515625, 0.7890625)","(0.34375, 0.78125)","(0.359375, 0.796875)",0.014062499999999882,1.1923773884359725e-32,0.00019775390624999668
178,7,"(46, 100)","(0.36328125, 0.78515625)","(0.359375, 0.78125)","(0.3671875, 0.7890625)",0.005854490174344709,7.51210316293835e-07,3.352384488520491e-05
179,7,"(47, 100)","(0.37109375, 0.78515625)","(0.3671875, 0.78125)","(0.375, 0.7890625)",0.0011718749999999898,8.340529607605013e-35,1.373291015624976e-06
180,7,"(47, 101)","(0.37109375, 0.79296875)","(0.3671875, 0.7890625)","(0.375, 0.796875)",0.0011718749999999898,8.340529607605013e-35,1.373291015624976e-06
181,7,"(46, 101)","(0.36328125, 0.79296875)","(0.359375, 0.7890625)","(0.3671875, 0.796875)",0.004139995129779006,7.909602326194576e-07,1.634859944197443e-05
182,7,"(46, 102)","(0.36328125, 0.80078125)","(0.359375, 0.796875)","(0.3671875, 0.8046875)",0.0015699086442627823,1.2880038189925197e-07,2.3358127694317553e-06
183,7,"(47, 102)","(0.37109375, 0.80078125)","(0.3671875, 0.796875)","(0.375, 0.8046875)",0.0011718749999999898,8.340529607605013e-35,1.373291015624976e-06
184,7,"(47, 103)","(0.37109375, 0.80859375)","(0.3671875, 0.8046875)","(0.375, 0.8125)",0.0011718749999999898,8.340529607605013e-35,1.373291015624976e-06
185,7,"(46, 103)","(0.36328125, 0.80859375)","(0.359375, 0.8046875)","(0.3671875, 0.8125)",0.0011718749999999898,8.340529607605013e-35,1.373291015624976e-06
186,7,"(45, 103)","(0.35546875, 0.80859375)","(0.3515625, 0.8046875)","(0.359375, 0.8125)",0.004475436797130716,7.917278936695286e-07,1.923780663144211e-05
187,7,"(45, 102)","(0.35546875, 0.80078125)","(0.3515625, 0.796875)","(0.359375, 0.8046875)",0.006657424804666,4.0959556203720307e-07,4.3911709467744915e-05
188,7,"(44, 102)","(0.34765625, 0.80078125)","(0.34375, 0.796875)","(0.3515625, 0.8046875)",0.007031249999999941,2.9809434710899312e-33,4.943847656249917e-05
189,7,"(44, 103)","(0.34765625, 0.80859375)","(0.34375, 0.8046875)","(0.3515625, 0.8125)",0.007031249999999941,2.9809434710899312e-33,4.943847656249917e-05
190,5,"(10, 25)","(0.328125, 0.796875)","(0.3125, 0.78125)","(0.34375, 0.8125)",0.028124999999999765,4.76950955374389e-32,0.0007910156249999867
191,6,"(20, 52)","(0.3203125, 0.8203125)","(0.3125, 0.8125)","(0.328125, 0.828125)",0.014062499999999882,1.1923773884359725e-32,0.00019775390624999668
192,7,"(40, 106)","(0.31640625, 0.83203125)","(0.3125, 0.828125)","(0.3203125, 0.8359375)",0.007031249999999941,2.9809434710899312e-33,4.943847656249917e-05
193,7,"(40, 107)","(0.31640625, 0.83984375)","(0.3125, 0.8359375)","(0.3203125, 0.84375)",0.007031249999999941,2.9809434710899312e-33,4.943847656249917e-05
194,7,"(41, 107)","(0.32421875, 0.83984375)","(0.3203125, 0.8359375)","(0.328125, 0.84375)",0.006827186895663643,2.1697128462528514e-07,4.639350962369609e-05
195,7,"(41, 106)","(0.32421875, 0.83203125)","(0.3203125, 0.828125)","(0.328125, 0.8359375)",0.007031249999999941,2.9809434710899312e-33,4.943847656249917e-05
196,7,"(42, 106)","(0.33203125, 0.83203125)","(0.328125, 0.828125)","(0.3359375, 0.8359375)",0.006862370203734622,2.0662337952082164e-07,4.6885501433583934e-05
197,7,"(42, 107)","(0.33203125, 0.83984375)","(0.328125, 0.8359375)","(0.3359375, 0.84375)",0.003636740288274816,5.888534694698441e-07,1.263702645489135e-05
198,7,"(43, 107)","(0.33984375, 0.83984375)","(0.3359375, 0.8359375)","(0.34375, 0.84375)",0.0011718749999999898,8.340529607605013e-35,1.373291015624976e-06
199,7,"(43, 106)","(0.33984375, 0.83203125)","(0.3359375, 0.828125)","(0.34375, 0.8359375)",0.003636740288274816,5.888534694698442e-07,1.263702645489135e-05
200,7,"(43, 105)","(0.33984375, 0.82421875)","(0.3359375, 0.8203125)","(0.34375, 0.828125)",0.006827186895663643,2.1697128462528514e-07,4.639350962369609e-05
201,7,"(42, 105)","(0.33203125, 0.82421875)","(0.328125, 0.8203125)","(0.3359375, 0.828125)",0.007031249999999941,2.9809434710899312e-33,4.943847656249917e-05
202,7,"(42, 104)","(0.33203125, 0.81640625)","(0.328125, 0.8125)","(0.3359375, 0.8203125)",0.007031249999999941,2.9809434710899312e-33,4.943847656249917e-05
203,7,"(43, 104)","(0.33984375, 0.81640625)","(0.3359375, 0.8125)","(0.34375, 0.8203125)",0.007031249999999941,2.9809434710899312e-33,4.943847656249917e-05
204,7,"(44, 104)","(0.34765625, 0.81640625)","(0.34375, 0.8125)","(0.3515625, 0.8203125)",0.006212007240915249,5.671916468163854e-07,3.80218423143671e-05
205,7,"(44, 105)","(0.34765625, 0.82421875)","(0.34375, 0.8203125)","(0.3515625, 0.828125)",0.002733059647587248,4.170598964568897e-07,7.052555140812844e-06
206,7,"(45, 105)","(0.35546875, 0.82421875)","(0.3515625, 0.8203125)","(0.359375, 0.828125)",0.0011718749999999898,8.340529607605013e-35,1.373291015624976e-06
207,7,"(45, 104)","(0.35546875, 0.81640625)","(0.3515625, 0.8125)","(0.359375, 0.8203125)",0.0013538146926083212,6.142299015012907e-08,1.7713912317720345e-06
208,6,"(23, 52)","(0.3671875, 0.8203125)","(0.359375, 0.8125)","(0.375, 0.828125)",0.0023437499999999795,3.3362118430420053e-34,5.493164062499904e-06
209,6,"(23, 53)","(0.3671875, 0.8359375)","(0.359375, 0.828125)","(0.375, 0.84375)",0.0023437499999999795,3.3362118430420053e-34,5.493164062499904e-06
210,6,"(22, 53)","(0.3515625, 0.8359375)","(0.34375, 0.828125)","(0.359375, 0.84375)",0.0023437499999999795,3.3362118430420053e-34,5.493164062499904e-06
211,5,"(11, 27)","(0.359375, 0.859375)","(0.34375, 0.84375)","(0.375, 0.875)",0.004687499999999959,1.3344847372168021e-33,2.1972656249999616e-05
212,6,"(21, 55)","(0.3359375, 0.8671875)","(0.328125, 0.859375)","(0.34375, 0.875)",0.0023437499999999795,3.3362118430420053e-34,5.493164062499904e-06
213,6,"(21, 54)","(0.3359375, 0.8515625)","(0.328125, 0.84375)","(0.34375, 0.859375)",0.0023437499999999795,3.3362118430420053e-34,5.493164062499904e-06
214,7,"(41, 109)","(0.32421875, 0.85546875)","(0.3203125, 0.8515625)","(0.328125, 0.859375)",0.0011718749999999898,8.340529607605013e-35,1.373291015624976e-06
215,7,"(41, 108)","(0.32421875, 0.84765625)","(0.3203125, 0.84375)","(0.328125, 0.8515625)",0.002733059647587248,4.170598964568896e-07,7.052555140812844e-06
216,7,"(40, 108)","(0.31640625, 0.84765625)","(0.3125, 0.84375)","(0.3203125, 0.8515625)",0.006212007240915248,5.671916468163854e-07,3.802184231436709e-05
217,7,"(40, 109)","(0.31640625, 0.85546875)","(0.3125, 0.8515625)","(0.3203125, 0.859375)",0.0013538146926083212,6.142299015012907e-08,1.7713912317720345e-06
218,6,"(20, 55)","(0.3203125, 0.8671875)","(0.3125, 0.859375)","(0.328125, 0.875)",0.0023437499999999795,3.3362118430420053e-34,5.493164062499904e-06
219,7,"(39, 111)","(0.30859375, 0.87109375)","(0.3046875, 0.8671875)","(0.3125, 0.875)",0.0011718749999999898,8.340529607605013e-35,1.373291015624976e-06
220,7,"(39, 110)","(0.30859375, 0.86328125)","(0.3046875, 0.859375)","(0.3125, 0.8671875)",0.0011718749999999898,8.340529607605013e-35,1.373291015624976e-06
221,7,"(38, 110)","(0.30078125, 0.86328125)","(0.296875, 0.859375)","(0.3046875, 0.8671875)",0.0015699086442627823,1.28800381899252e-07,2.3358127694317553e-06
222,7,"(38, 111)","(0.30078125, 0.87109375)","(0.296875, 0.8671875)","(0.3046875, 0.875)",0.0011718749999999898,8.340529607605013e-35,1.373291015624976e-06
223,7,"(37, 111)","(0.29296875, 0.87109375)","(0.2890625, 0.8671875)","(0.296875, 0.875)",0.0011718749999999898,8.340529607605013e-35,1.373291015624976e-06
224,7,"(36, 111)","(0.28515625, 0.87109375)","(0.28125, 0.8671875)","(0.2890625, 0.875)",0.0011718749999999898,8.340529607605013e-35,1.373291015624976e-06
225,7,"(36, 110)","(0.28515625, 0.86328125)","(0.28125, 0.859375)","(0.2890625, 0.8671875)",0.005854490174344709,7.512103162938349e-07,3.3523844885204913e-05
226,7,"(37, 110)","(0.29296875, 0.86328125)","(0.2890625, 0.859375)","(0.296875, 0.8671875)",0.004139995129779005,7.909602326194571e-07,1.6348599441974425e-05
227,6,"(18, 54)","(0.2890625, 0.8515625)","(0.28125, 0.84375)","(0.296875, 0.859375)",0.014062499999999882,1.1923773884359725e-32,0.00019775390624999668
228,7,"(38, 108)","(0.30078125, 0.84765625)","(0.296875, 0.84375)","(0.3046875, 0.8515625)",0.007031249999999941,2.9809434710899312e-33,4.943847656249917e-05
229,7,"(38, 109)","(0.30078125, 0.85546875)","(0.296875, 0.8515625)","(0.3046875, 0.859375)",0.006657424804665999,4.095955620372029e-07,4.39117094677449e-05
230,7,"(39, 109)","(0.30859375, 0.85546875)","(0.3046875, 0.8515625)","(0.3125, 0.859375)",0.004475436797130716,7.917278936695286e-07,1.923780663144211e-05
231,7,"(39, 108)","(0.30859375, 0.84765625)","(0.3046875, 0.84375)","(0.3125, 0.8515625)",0.007031249999999941,2.9809434710899312e-33,4.943847656249917e-05
232,5,"(9, 26)","(0.296875, 0.828125)","(0.28125, 0.8125)","(0.3125, 0.84375)",0.028124999999999765,4.76950955374389e-32,0.0007910156249999867
233,5,"(8, 26)","(0.265625, 0.828125)","(0.25, 0.8125)","(0.28125, 0.84375)",0.028124999999999765,4.76950955374389e-32,0.0007910156249999867
234,6,"(16, 54)","(0.2578125, 0.8515625)","(0.25, 0.84375)","(0.265625, 0.859375)",0.014062499999999882,1.1923773884359725e-32,0.00019775390624999668
235,6,"(17, 54)","(0.2734375, 0.8515625)","(0.265625, 0.84375)","(0.28125, 0.859375)",0.014062499999999882,1.1923773884359725e-32,0.00019775390624999668
236,7,"(34, 110)","(0.26953125, 0.86328125)","(0.265625, 0.859375)","(0.2734375, 0.8671875)",0.007031249999999941,2.9809434710899312e-33,4.943847656249917e-05
237,7,"(35, 110)","(0.27734375, 0.86328125)","(0.2734375, 0.859375)","(0.28125, 0.8671875)",0.006822347526953028,3.151159454558956e-07,4.62293098330662e-05
238,7,"(35, 111)","(0.27734375, 0.87109375)","(0.2734375, 0.8671875)","(0.28125, 0.875)",0.0013740314717312744,7.13064392202213e-08,1.8166560460877906e-06
239,7,"(34, 111)","(0.26953125, 0.87109375)","(0.265625, 0.8671875)","(0.2734375, 0.875)",0.0029318922806516423,5.283200122404441e-07,8.067672333104244e-06
240,7,"(33, 111)","(0.26171875, 0.87109375)","(0.2578125, 0.8671875)","(0.265625, 0.875)",0.003846457530334736,6.140434797840138e-07,1.4181192052884784e-05
241,7,"(33, 110)","(0.26171875, 0.86328125)","(0.2578125, 0.859375)","(0.265625, 0.8671875)",0.007031249999999941,2.9809434710899312e-33,4.943847656249917e-05
242,7,"(32, 110)","(0.25390625, 0.86328125)","(0.25, 0.859375)","(0.2578125, 0.8671875)",0.007031249999999941,2.9809434710899312e-33,4.943847656249917e-05
243,7,"(32, 111)","(0.25390625, 0.87109375)","(0.25, 0.8671875)","(0.2578125, 0.875)",0.004360295852765571,8.351497076010572e-07,1.8177030216043584e-05
244,3,"(2, 7)","(0.3125, 0.9375)","(0.25, 0.875)","(0.375, 1.0)",0.018749999999999836,2.1351755795468834e-32,0.00035156249999999386
245,3,"(3, 7)","(0.4375, 0.9375)","(0.375, 0.875)","(0.5, 1.0)",0.018749999999999836,2.1351755795468834e-32,0.00035156249999999386
246,3,"(3, 6)","(0.4375, 0.8125)","(0.375, 0.75)","(0.5, 0.875)",0.018749999999999836,2.1351755795468834e-32,0.00035156249999999386
247,3,"(3, 5)","(0.4375, 0.6875)","(0.375, 0.625)","(0.5, 0.75)",0.018749999999999836,2.1351755795468834e-32,0.00035156249999999386
248,7,"(47, 95)","(0.37109375, 0.74609375)","(0.3671875, 0.7421875)","(0.375, 0.75)",0.004360295852765571,8.35149707601057e-07,1.8177030216043577e-05
249,7,"(47, 94)","(0.37109375, 0.73828125)","(0.3671875, 0.734375)","(0.375, 0.7421875)",0.003846457530334736,6.140434797840137e-07,1.4181192052884784e-05
250,7,"(46, 94)","(0.36328125, 0.73828125)","(0.359375, 0.734375)","(0.3671875, 0.7421875)",0.007031249999999941,2.9809434710899312e-33,4.943847656249917e-05
251,7,"(46, 95)","(0.36328125, 0.74609375)","(0.359375, 0.7421875)","(0.3671875, 0.75)",0.007031249999999941,2.9809434710899312e-33,4.943847656249917e-05
252,6,"(22, 47)","(0.3515625, 0.7421875)","(0.34375, 0.734375)","(0.359375, 0.75)",0.014062499999999882,1.1923773884359725e-32,0.00019775390624999668
253,6,"(22, 46)","(0.3515625, 0.7265625)","(0.34375, 0.71875)","(0.359375, 0.734375)",0.014062499999999882,1.1923773884359725e-32,0.00019775390624999668
254,7,"(46, 92)","(0.36328125, 0.72265625)","(0.359375, 0.71875)","(0.3671875, 0.7265625)",0.006822347526953028,3.1511594545589567e-07,4.62293098330662e-05
255,7,"(46, 93)","(0.36328125, 0.73046875)","(0.359375, 0.7265625)","(0.3671875, 0.734375)",0.007031249999999941,2.9809434710899312e-33,4.943847656249917e-05
256,7,"(47, 93)","(0.37109375, 0.73046875)","(0.3671875, 0.7265625)","(0.375, 0.734375)",0.0029318922806516423,5.28320012240444e-07,8.067672333104244e-06
257,7,"(47, 92)","(0.37109375, 0.72265625)","(0.3671875, 0.71875)","(0.375, 0.7265625)",0.0013740314717312744,7.13064392202213e-08,1.8166560460877906e-06
258,7,"(47, 91)","(0.37109375, 0.71484375)","(0.3671875, 0.7109375)","(0.375, 0.71875)",0.0011718749999999898,8.340529607605013e-35,1.373291015624976e-06
259,7,"(46, 91)","(0.36328125, 0.71484375)","(0.359375, 0.7109375)","(0.3671875, 0.71875)",0.005854490174344709,7.51210316293835e-07,3.3523844885204913e-05
260,7,"(46, 90)","(0.36328125, 0.70703125)","(0.359375, 0.703125)","(0.3671875, 0.7109375)",0.004139995129779005,7.909602326194577e-07,1.6348599441974425e-05
261,7,"(47, 90)","(0.37109375, 0.70703125)","(0.3671875, 0.703125)","(0.375, 0.7109375)",0.0011718749999999898,8.340529607605013e-35,1.373291015624976e-06
262,7,"(47, 89)","(0.37109375, 0.69921875)","(0.3671875, 0.6953125)","(0.375, 0.703125)",0.0011718749999999898,8.340529607605013e-35,1.373291015624976e-06
263,7,"(47, 88)","(0.37109375, 0.69140625)","(0.3671875, 0.6875)","(0.375, 0.6953125)",0.0011718749999999898,8.340529607605013e-35,1.373291015624976e-06
264,7,"(46, 88)","(0.36328125, 0.69140625)","(0.359375, 0.6875)","(0.3671875, 0.6953125)",0.0011718749999999898,8.340529607605013e-35,1.373291015624976e-06
265,7,"(46, 89)","(0.36328125, 0.69921875)","(0.359375, 0.6953125)","(0.3671875, 0.703125)",0.001569908644262782,1.2880038189925197e-07,2.3358127694317545e-06
266,7,"(45, 89)","(0.35546875, 0.69921875)","(0.3515625, 0.6953125)","(0.359375, 0.703125)",0.006657424804666,4.0959556203720297e-07,4.391170946774492e-05
267,7,"(45, 88)","(0.35546875, 0.69140625)","(0.3515625, 0.6875)","(0.359375, 0.6953125)",0.004475436797130716,7.917278936695286e-07,1.923780663144211e-05
268,7,"(44, 88)","(0.34765625, 0.69140625)","(0.34375, 0.6875)","(0.3515625, 0.6953125)",0.007031249999999941,2.9809434710899312e-33,4.943847656249917e-05
269,7,"(44, 89)","(0.34765625, 0.69921875)","(0.34375, 0.6953125)","(0.3515625, 0.703125)",0.007031249999999941,2.9809434710899312e-33,4.943847656249917e-05
270,6,"(22, 45)","(0.3515625, 0.7109375)","(0.34375, 0.703125)","(0.359375, 0.71875)",0.014062499999999882,1.1923773884359725e-32,0.00019775390624999668
271,5,"(10, 22)","(0.328125, 0.703125)","(0.3125, 0.6875)","(0.34375, 0.71875)",0.028124999999999765,4.76950955374389e-32,0.0007910156249999867
272,5,"(10, 23)","(0.328125, 0.734375)","(0.3125, 0.71875)","(0.34375, 0.75)",0.028124999999999765,4.76950955374389e-32,0.0007910156249999867
273,4,"(4, 11)","(0.28125, 0.71875)","(0.25, 0.6875)","(0.3125, 0.75)",0.05624999999999953,1.907803821497556e-31,0.003164062499999947
274,5,"(9, 21)","(0.296875, 0.671875)","(0.28125, 0.65625)","(0.3125, 0.6875)",0.028124999999999765,4.76950955374389e-32,0.0007910156249999867
275,5,"(8, 21)","(0.265625, 0.671875)","(0.25, 0.65625)","(0.28125, 0.6875)",0.028124999999999765,4.76950955374389e-32,0.0007910156249999867
276,6,"(17, 41)","(0.2734375, 0.6484375)","(0.265625, 0.640625)","(0.28125, 0.65625)",0.014062499999999882,1.1923773884359725e-32,0.00019775390624999668
277,6,"(16, 41)","(0.2578125, 0.6484375)","(0.25, 0.640625)","(0.265625, 0.65625)",0.014062499999999882,1.1923773884359725e-32,0.00019775390624999668
278,7,"(33, 81)","(0.26171875, 0.63671875)","(0.2578125, 0.6328125)","(0.265625, 0.640625)",0.007031249999999941,2.9809434710899312e-33,4.943847656249917e-05
279,7,"(32, 81)","(0.25390625, 0.63671875)","(0.25, 0.6328125)","(0.2578125, 0.640625)",0.007031249999999941,2.9809434710899312e-33,4.943847656249917e-05
280,7,"(32, 80)","(0.25390625, 0.62890625)","(0.25, 0.625)","(0.2578125, 0.6328125)",0.004360295852765571,8.351497076010572e-07,1.8177030216043584e-05
281,7,"(33, 80)","(0.26171875, 0.62890625)","(0.2578125, 0.625)","(0.265625, 0.6328125)",0.0038464575303347355,6.140434797840138e-07,1.418119205288478e-05
282,7,"(34, 80)","(0.26953125, 0.62890625)","(0.265625, 0.625)","(0.2734375, 0.6328125)",0.0029318922806516423,5.283200122404441e-07,8.067672333104244e-06
283,7,"(34, 81)","(0.26953125, 0.63671875)","(0.265625, 0.6328125)","(0.2734375, 0.640625)",0.007031249999999941,2.9809434710899312e-33,4.943847656249917e-05
284,7,"(35, 81)","(0.27734375, 0.63671875)","(0.2734375, 0.6328125)","(0.28125, 0.640625)",0.006822347526953028,3.151159454558955e-07,4.62293098330662e-05
285,7,"(35, 80)","(0.27734375, 0.62890625)","(0.2734375, 0.625)","(0.28125, 0.6328125)",0.0013740314717312744,7.13064392202213e-08,1.8166560460877906e-06
286,7,"(36, 80)","(0.28515625, 0.62890625)","(0.28125, 0.625)","(0.2890625, 0.6328125)",0.0011718749999999898,8.340529607605013e-35,1.373291015624976e-06
287,7,"(37, 80)","(0.29296875, 0.62890625)","(0.2890625, 0.625)","(0.296875, 0.6328125)",0.0011718749999999898,8.340529607605013e-35,1.373291015624976e-06
288,7,"(37, 81)","(0.29296875, 0.63671875)","(0.2890625, 0.6328125)","(0.296875, 0.640625)",0.004139995129779006,7.90960232619457e-07,1.634859944197443e-05
289,7,"(36, 81)","(0.28515625, 0.63671875)","(0.28125, 0.6328125)","(0.2890625, 0.640625)",0.005854490174344709,7.512103162938349e-07,3.3523844885204913e-05
290,6,"(18, 41)","(0.2890625, 0.6484375)","(0.28125, 0.640625)","(0.296875, 0.65625)",0.014062499999999882,1.1923773884359725e-32,0.00019775390624999668
291,7,"(38, 82)","(0.30078125, 0.64453125)","(0.296875, 0.640625)","(0.3046875, 0.6484375)",0.006657424804666,4.0959556203720297e-07,4.3911709467744915e-05
292,7,"(38, 83)","(0.30078125, 0.65234375)","(0.296875, 0.6484375)","(0.3046875, 0.65625)",0.007031249999999941,2.9809434710899312e-33,4.943847656249917e-05
293,7,"(39, 83)","(0.30859375, 0.65234375)","(0.3046875, 0.6484375)","(0.3125, 0.65625)",0.007031249999999941,2.9809434710899312e-33,4.943847656249917e-05
294,7,"(39, 82)","(0.30859375, 0.64453125)","(0.3046875, 0.640625)","(0.3125, 0.6484375)",0.004475436797130716,7.917278936695286e-07,1.923780663144211e-05
295,7,"(39, 81)","(0.30859375, 0.63671875)","(0.3046875, 0.6328125)","(0.3125, 0.640625)",0.0011718749999999898,8.340529607605013e-35,1.373291015624976e-06
296,7,"(38, 81)","(0.30078125, 0.63671875)","(0.296875, 0.6328125)","(0.3046875, 0.640625)",0.001569908644262782,1.28800381899252e-07,2.3358127694317545e-06
297,7,"(38, 80)","(0.30078125, 0.62890625)","(0.296875, 0.625)","(0.3046875, 0.6328125)",0.0011718749999999898,8.340529607605013e-35,1.373291015624976e-06
298,7,"(39, 80)","(0.30859375, 0.62890625)","(0.3046875, 0.625)","(0.3125, 0.6328125)",0.0011718749999999898,8.340529607605013e-35,1.373291015624976e-06
299,6,"(20, 40)","(0.3203125, 0.6328125)","(0.3125, 0.625)","(0.328125, 0.640625)",0.0023437499999999795,3.3362118430420053e-34,5.493164062499904e-06
300,6,"(21, 40)","(0.3359375, 0.6328125)","(0.328125, 0.625)","(0.34375, 0.640625)",0.0023437499999999795,3.3362118430420053e-34,5.493164062499904e-06
301,6,"(21, 41)","(0.3359375, 0.6484375)","(0.328125, 0.640625)","(0.34375, 0.65625)",0.0023437499999999795,3.3362118430420053e-34,5.493164062499904e-06
302,7,"(41, 83)","(0.32421875, 0.65234375)","(0.3203125, 0.6484375)","(0.328125, 0.65625)",0.002733059647587248,4.1705989645688973e-07,7.052555140812844e-06
303,7,"(41, 82)","(0.32421875, 0.64453125)","(0.3203125, 0.640625)","(0.328125, 0.6484375)",0.0011718749999999898,8.340529607605013e-35,1.373291015624976e-06
304,7,"(40, 82)","(0.31640625, 0.64453125)","(0.3125, 0.640625)","(0.3203125, 0.6484375)",0.0013538146926083212,6.142299015012907e-08,1.7713912317720345e-06
305,7,"(40, 83)","(0.31640625, 0.65234375)","(0.3125, 0.6484375)","(0.3203125, 0.65625)",0.006212007240915247,5.671916468163854e-07,3.802184231436708e-05
306,7,"(40, 84)","(0.31640625, 0.66015625)","(0.3125, 0.65625)","(0.3203125, 0.6640625)",0.007031249999999941,2.9809434710899312e-33,4.943847656249917e-05
307,7,"(41, 84)","(0.32421875, 0.66015625)","(0.3203125, 0.65625)","(0.328125, 0.6640625)",0.006827186895663643,2.1697128462528506e-07,4.639350962369609e-05
308,7,"(41, 85)","(0.32421875, 0.66796875)","(0.3203125, 0.6640625)","(0.328125, 0.671875)",0.007031249999999941,2.9809434710899312e-33,4.943847656249917e-05
309,7,"(40, 85)","(0.31640625, 0.66796875)","(0.3125, 0.6640625)","(0.3203125, 0.671875)",0.007031249999999941,2.9809434710899312e-33,4.943847656249917e-05
310,6,"(20, 43)","(0.3203125, 0.6796875)","(0.3125, 0.671875)","(0.328125, 0.6875)",0.014062499999999882,1.1923773884359725e-32,0.00019775390624999668
311,7,"(42, 86)","(0.33203125, 0.67578125)","(0.328125, 0.671875)","(0.3359375, 0.6796875)",0.007031249999999941,2.9809434710899312e-33,4.943847656249917e-05
312,7,"(42, 87)","(0.33203125, 0.68359375)","(0.328125, 0.6796875)","(0.3359375, 0.6875)",0.007031249999999941,2.9809434710899312e-33,4.943847656249917e-05
313,7,"(43, 87)","(0.33984375, 0.68359375)","(0.3359375, 0.6796875)","(0.34375, 0.6875)",0.007031249999999941,2.9809434710899312e-33,4.943847656249917e-05
314,7,"(43, 86)","(0.33984375, 0.67578125)","(0.3359375, 0.671875)","(0.34375, 0.6796875)",0.006827186895663643,2.1697128462528506e-07,4.639350962369609e-05
315,7,"(43, 85)","(0.33984375, 0.66796875)","(0.3359375, 0.6640625)","(0.34375, 0.671875)",0.003636740288274816,5.888534694698443e-07,1.263702645489135e-05
316,7,"(42, 85)","(0.33203125, 0.66796875)","(0.328125, 0.6640625)","(0.3359375, 0.671875)",0.006862370203734623,2.0662337952082164e-07,4.688550143358396e-05
317,7,"(42, 84)","(0.33203125, 0.66015625)","(0.328125, 0.65625)","(0.3359375, 0.6640625)",0.003636740288274816,5.888534694698441e-07,1.263702645489135e-05
318,7,"(43, 84)","(0.33984375, 0.66015625)","(0.3359375, 0.65625)","(0.34375, 0.6640625)",0.0011718749999999898,8.340529607605013e-35,1.373291015624976e-06
319,6,"(22, 42)","(0.3515625, 0.6640625)","(0.34375, 0.65625)","(0.359375, 0.671875)",0.0023437499999999795,3.3362118430420053e-34,5.493164062499904e-06
320,7,"(44, 86)","(0.34765625, 0.67578125)","(0.34375, 0.671875)","(0.3515625, 0.6796875)",0.002733059647587248,4.170598964568897e-07,7.052555140812844e-06
321,7,"(44, 87)","(0.34765625, 0.68359375)","(0.34375, 0.6796875)","(0.3515625, 0.6875)",0.006212007240915249,5.671916468163855e-07,3.80218423143671e-05
322,7,"(45, 87)","(0.35546875, 0.68359375)","(0.3515625, 0.6796875)","(0.359375, 0.6875)",0.0013538146926083212,6.142299015012907e-08,1.7713912317720345e-06
323,7,"(45, 86)","(0.35546875, 0.67578125)","(0.3515625, 0.671875)","(0.359375, 0.6796875)",0.0011718749999999898,8.340529607605013e-35,1.373291015624976e-06
324,6,"(23, 43)","(0.3671875, 0.6796875)","(0.359375, 0.671875)","(0.375, 0.6875)",0.0023437499999999795,3.3362118430420053e-34,5.493164062499904e-06
325,6,"(23, 42)","(0.3671875, 0.6640625)","(0.359375, 0.65625)","(0.375, 0.671875)",0.0023437499999999795,3.3362118430420053e-34,5.493164062499904e-06
326,5,"(11, 20)","(0.359375, 0.640625)","(0.34375, 0.625)","(0.375, 0.65625)",0.004687499999999959,1.3344847372168021e-33,2.1972656249999616e-05
327,3,"(2, 4)","(0.3125, 0.5625)","(0.25, 0.5)","(0.375, 0.625)",0.018749999999999836,2.1351755795468834e-32,0.00035156249999999386
328,3,"(3, 4)","(0.4375, 0.5625)","(0.375, 0.5)","(0.5, 0.625)",0.018749999999999836,2.1351755795468834e-32,0.00035156249999999386
329,4,"(8, 8)","(0.53125, 0.53125)","(0.5, 0.5)","(0.5625, 0.5625)",0.03691430365072354,1.421065524284551e-10,0.0013626656719112687
330,4,"(8, 9)","(0.53125, 0.59375)","(0.5, 0.5625)","(0.5625, 0.625)",0.027710261543837357,1.2708109590441243e-10,0.0007678584677467756
331,4,"(9, 9)","(0.59375, 0.59375)","(0.5625, 0.5625)","(0.625, 0.625)",0.03577478722823245,1.0949644492642769e-10,0.0012798352917288585
332,4,"(9, 8)","(0.59375, 0.53125)","(0.5625, 0.5)","(0.625, 0.5625)",0.02771026154383735,1.2708109590442169e-10,0.0007678584677467752
333,4,"(10, 8)","(0.65625, 0.53125)","(0.625, 0.5)","(0.6875, 0.5625)",0.03509850158742978,1.0583189151154738e-10,0.0012319047078509192
334,4,"(11, 8)","(0.71875, 0.53125)","(0.6875, 0.5)","(0.75, 0.5625)",0.03143076238084762,9.080643498867212e-11,0.0009878927330348706
335,4,"(11, 9)","(0.71875, 0.59375)","(0.6875, 0.5625)","(0.75, 0.625)",0.03334585124549042,6.704334204129726e-11,0.001111945728243033
336,4,"(10, 9)","(0.65625, 0.59375)","(0.625, 0.5625)","(0.6875, 0.625)",0.02995594806604791,8.462799302022128e-11,0.0008973587399077664
337,4,"(10, 10)","(0.65625, 0.65625)","(0.625, 0.625)","(0.6875, 0.6875)",0.034111480826574066,5.4641152201043253e-11,0.001163593069540578
338,4,"(11, 10)","(0.71875, 0.65625)","(0.6875, 0.625)","(0.75, 0.6875)",0.0320586442375253,3.343725371039276e-11,0.0010277566369109607
339,4,"(11, 11)","(0.71875, 0.71875)","(0.6875, 0.6875)","(0.75, 0.75)",0.03289425682787337,9.674160762819976e-12,0.0010820321225839334
340,4,"(10, 11)","(0.65625, 0.71875)","(0.625, 0.6875)","(0.6875, 0.75)",0.032058644237525295,3.343725371039841e-11,0.0010277566369109603
341,4,"(9, 11)","(0.59375, 0.71875)","(0.5625, 0.6875)","(0.625, 0.75)",0.03334585124549042,6.70433420413011e-11,0.001111945728243033
342,4,"(9, 10)","(0.59375, 0.65625)","(0.5625, 0.625)","(0.625, 0.6875)",0.02995594806604791,8.462799302022567e-11,0.0008973587399077664
343,4,"(8, 10)","(0.53125, 0.65625)","(0.5, 0.625)","(0.5625, 0.6875)",0.035098501587429776,1.058318915115438e-10,0.0012319047078509188
344,4,"(8, 11)","(0.53125, 0.71875)","(0.5, 0.6875)","(0.5625, 0.75)",0.03143076238084762,9.080643498869081e-11,0.0009878927330348706
345,4,"(8, 12)","(0.53125, 0.78125)","(0.5, 0.75)","(0.5625, 0.8125)",0.031430762380847625,9.08064349886623e-11,0.000987892733034871
346,4,"(9, 12)","(0.59375, 0.78125)","(0.5625, 0.75)","(0.625, 0.8125)",0.03334585124549041,6.704334204127722e-11,0.001111945728243032
347,4,"(9, 13)","(0.59375, 0.84375)","(0.5625, 0.8125)","(0.625, 0.875)",0.029955948066047927,8.462799302017847e-11,0.0008973587399077676
348,4,"(8, 13)","(0.53125, 0.84375)","(0.5, 0.8125)","(0.5625, 0.875)",0.03509850158742976,1.0583189151149924e-10,0.0012319047078509177
349,4,"(8, 14)","(0.53125, 0.90625)","(0.5, 0.875)","(0.5625, 0.9375)",0.02771026154383736,1.2708109590448602e-10,0.0007678584677467757
350,4,"(8, 15)","(0.53125, 0.96875)","(0.5, 0.9375)","(0.5625, 1.0)",0.03691430365072354,1.4210655242835405e-10,0.0013626656719112687
351,4,"(9, 15)","(0.59375, 0.96875)","(0.5625, 0.9375)","(0.625, 1.0)",0.027710261543837347,1.2708109590431705e-10,0.000767858467746775
352,4,"(9, 14)","(0.59375, 0.90625)","(0.5625, 0.875)","(0.625, 0.9375)",0.03577478722823244,1.0949644492653315e-10,0.001279835291728858
353,4,"(10, 14)","(0.65625, 0.90625)","(0.625, 0.875)","(0.6875, 0.9375)",0.02995594806604791,8.462799302030924e-11,0.0008973587399077664
354,4,"(10, 15)","(0.65625, 0.96875)","(0.625, 0.9375)","(0.6875, 1.0)",0.035098501587429776,1.0583189151146279e-10,0.0012319047078509188
355,4,"(11, 15)","(0.71875, 0.96875)","(0.6875, 0.9375)","(0.75, 1.0)",0.03143076238084761,9.080643498856857e-11,0.0009878927330348702
356,4,"(11, 14)","(0.71875, 0.90625)","(0.6875, 0.875)","(0.75, 0.9375)",0.033345851245490415,6.704334204141334e-11,0.0011119457282430325
357,4,"(11, 13)","(0.71875, 0.84375)","(0.6875, 0.8125)","(0.75, 0.875)",0.03205864423752531,3.343725371033579e-11,0.0010277566369109611
358,4,"(10, 13)","(0.65625, 0.84375)","(0.625, 0.8125)","(0.6875, 0.875)",0.03411148082657406,5.464115220099901e-11,0.0011635930695405776
359,4,"(10, 12)","(0.65625, 0.78125)","(0.625, 0.75)","(0.6875, 0.8125)",0.0320586442375253,3.3437253710356674e-11,0.0010277566369109607
360,4,"(11, 12)","(0.71875, 0.78125)","(0.6875, 0.75)","(0.75, 0.8125)",0.032894256827873364,9.674160762780548e-12,0.001082032122583933
361,4,"(12, 12)","(0.78125, 0.78125)","(0.75, 0.75)","(0.8125, 0.8125)",0.032894256827873364,9.674160762744259e-12,0.001082032122583933
362,4,"(13, 12)","(0.84375, 0.78125)","(0.8125, 0.75)","(0.875, 0.8125)",0.03205864423752531,3.3437253710305886e-11,0.0010277566369109611
363,4,"(13, 13)","(0.84375, 0.84375)","(0.8125, 0.8125)","(0.875, 0.875)",0.034111480826574045,5.464115220093364e-11,0.0011635930695405765
364,4,"(12, 13)","(0.78125, 0.84375)","(0.75, 0.8125)","(0.8125, 0.875)",0.03205864423752531,3.3437253710289485e-11,0.0010277566369109611
365,4,"(12, 14)","(0.78125, 0.90625)","(0.75, 0.875)","(0.8125, 0.9375)",0.03334585124549041,6.704334204137562e-11,0.001111945728243032
366,4,"(12, 15)","(0.78125, 0.96875)","(0.75, 0.9375)","(0.8125, 1.0)",0.031430762380847625,9.080643498853666e-11,0.000987892733034871
367,4,"(13, 15)","(0.84375, 0.96875)","(0.8125, 0.9375)","(0.875, 1.0)",0.035098501587429755,1.0583189151140166e-10,0.0012319047078509172
368,4,"(13, 14)","(0.84375, 0.90625)","(0.8125, 0.875)","(0.875, 0.9375)",0.029955948066047934,8.462799302026965e-11,0.0008973587399077678
369,4,"(14, 14)","(0.90625, 0.90625)","(0.875, 0.875)","(0.9375, 0.9375)",0.035774787228232435,1.0949644492660131e-10,0.0012798352917288577
370,4,"(14, 15)","(0.90625, 0.96875)","(0.875, 0.9375)","(0.9375, 1.0)",0.02771026154383736,1.270810959043993e-10,0.0007678584677467757
371,4,"(15, 15)","(0.96875, 0.96875)","(0.9375, 0.9375)","(1.0, 1.0)",0.03691430365072354,1.421065524282785e-10,0.0013626656719112687
372,4,"(15, 14)","(0.96875, 0.90625)","(0.9375, 0.875)","(1.0, 0.9375)",0.02771026154383736,1.2708109590437808e-10,0.0007678584677467757
373,4,"(15, 13)","(0.96875, 0.84375)","(0.9375, 0.8125)","(1.0, 0.875)",0.03509850158742976,1.0583189151140521e-10,0.0012319047078509177
374,4,"(14, 13)","(0.90625, 0.84375)","(0.875, 0.8125)","(0.9375, 0.875)",0.029955948066047927,8.462799302027304e-11,0.0008973587399077676
375,4,"(14, 12)","(0.90625, 0.78125)","(0.875, 0.75)","(0.9375, 0.8125)",0.03334585124549041,6.704334204136722e-11,0.001111945728243032
376,4,"(15, 12)","(0.96875, 0.78125)","(0.9375, 0.75)","(1.0, 0.8125)",0.031430762380847625,9.080643498855647e-11,0.000987892733034871
377,4,"(15, 11)","(0.96875, 0.71875)","(0.9375, 0.6875)","(1.0, 0.75)",0.03143076238084762,9.080643498858842e-11,0.0009878927330348706
378,4,"(15, 10)","(0.96875, 0.65625)","(0.9375, 0.625)","(1.0, 0.6875)",0.03509850158742978,1.0583189151145046e-10,0.0012319047078509192
379,4,"(14, 10)","(0.90625, 0.65625)","(0.875, 0.625)","(0.9375, 0.6875)",0.029955948066047917,8.462799302030826e-11,0.0008973587399077669
380,4,"(14, 11)","(0.90625, 0.71875)","(0.875, 0.6875)","(0.9375, 0.75)",0.03334585124549042,6.704334204140543e-11,0.001111945728243033
381,4,"(13, 11)","(0.84375, 0.71875)","(0.8125, 0.6875)","(0.875, 0.75)",0.03205864423752531,3.343725371034277e-11,0.0010277566369109611
382,4,"(12, 11)","(0.78125, 0.71875)","(0.75, 0.6875)","(0.8125, 0.75)",0.032894256827873364,9.674160762785212e-12,0.001082032122583933
383,4,"(12, 10)","(0.78125, 0.65625)","(0.75, 0.625)","(0.8125, 0.6875)",0.0320586442375253,3.3437253710357107e-11,0.0010277566369109607
384,4,"(13, 10)","(0.84375, 0.65625)","(0.8125, 0.625)","(0.875, 0.6875)",0.034111480826574066,5.4641152200981964e-11,0.001163593069540578
385,4,"(13, 9)","(0.84375, 0.59375)","(0.8125, 0.5625)","(0.875, 0.625)",0.029955948066047927,8.46279930201666e-11,0.0008973587399077676
386,4,"(12, 9)","(0.78125, 0.59375)","(0.75, 0.5625)","(0.8125, 0.625)",0.0333458512454904,6.704334204126763e-11,0.0011119457282430317
387,4,"(12, 8)","(0.78125, 0.53125)","(0.75, 0.5)","(0.8125, 0.5625)",0.031430762380847625,9.08064349886545e-11,0.000987892733034871
388,4,"(13, 8)","(0.84375, 0.53125)","(0.8125, 0.5)","(0.875, 0.5625)",0.03509850158742976,1.0583189151150584e-10,0.0012319047078509177
389,4,"(14, 8)","(0.90625, 0.53125)","(0.875, 0.5)","(0.9375, 0.5625)",0.027710261543837364,1.2708109590448223e-10,0.0007678584677467759
390,4,"(14, 9)","(0.90625, 0.59375)","(0.875, 0.5625)","(0.9375, 0.625)",0.03577478722823244,1.0949644492651968e-10,0.001279835291728858
391,4,"(15, 9)","(0.96875, 0.59375)","(0.9375, 0.5625)","(1.0, 0.625)",0.02771026154383735,1.2708109590430467e-10,0.0007678584677467752
392,4,"(15, 8)","(0.96875, 0.53125)","(0.9375, 0.5)","(1.0, 0.5625)",0.036914303650723526,1.4210655242835436e-10,0.001362665671911268
393,1,"(1, 0)","(0.75, 0.25)","(0.5, 0.0)","(1.0, 0.5)",0.2696448281227216,4.166838584173352e-30,0.07270833333333208
